comments,date,label
Is there a tl;dr version? TYIA,1678221337,0
"Per ChatGPT:

BioMarin, a biopharmaceutical company, has provided an update on the FDA review of its gene therapy, ROCTAVIAN (valoctocogene roxaparvovec), for the treatment of severe hemophilia A in adults. The FDA has extended the review period for the therapy by three months to June 26, 2023. The extension is due to the FDA's need for additional time to review the company's responses to questions related to its BLA (Biologics License Application). BioMarin plans to work closely with the FDA to address any questions and provide the necessary data to support the approval of ROCTAVIAN.",1678250223,1
But will it cost up the ass or how will people get access to it?,1678690830,-1
Bi9marin provide more longterm data from their trial.  FDA has delayed their decision since it needs time to review the new material.,1678228514,-1
[There's this.](https://www.forbes.com/sites/joshuacohen/2023/02/16/when-launched-gene-therapy-roctavian-will-be-administered-mainly-in-340b-eligible-treatment-centers-where-it-will-be-substantially-discounted-in-price/),1678712858,0
"Thanks so much!! Was trying to read it while on a conference call and it was too in depth to get a good grasp on what the end result was. 

Btw nice handle!!",1678232405,1
Thank you!,1678718159,1
Is this the one that's the $3.5M shot and then back to severe in 6 or so years?,1676912694,-1
"3.5 million is correct, there isn‚Äôt enough long term data that can outright say f8 levels will be severe in X amount of years",1676913475,-1
"> [The high list prices of gene therapies command the media‚Äôs attention and that of policymakers and payers. Late last year, the Food and Drug Administration (FDA) approved the world‚Äôs first gene therapy for severe and moderately severe hemophilia B; Hemgenix (etranacogene dezaparvovec). Hemgenix will have a list price of $3.5 million per use, which sets a new record for the most expensive single-use gene therapy. Then there‚Äôs Roctavian (valoctocogene roxaparvovec), indicated for severe hemophilia A. This gene therapy may be approved by FDA as soon as early spring. Its list price is expected to be around $2.5 million per single-use.](https://www.forbes.com/sites/joshuacohen/2023/02/16/when-launched-gene-therapy-roctavian-will-be-administered-mainly-in-340b-eligible-treatment-centers-where-it-will-be-substantially-discounted-in-price/)",1676914526,-1
tldr: yes,1676917444,1
Efficacy endpoint meaning factor levels are optimal at the end of the 3 years?,1673292615,1
When would this be made available?,1673337313,0
"The three endpoints/outcomes are listed in the table in the press release. It might help to look at the description of the [clinical trial](https://clinicaltrials.gov/ct2/show/NCT03392974) to better understand the outcomes they were looking at: 

https://preview.redd.it/hbcv1laciaba1.png?width=1411&format=png&auto=webp&v=enabled&s=4331c400cc4e857635247e2d2e9bfa6c31de5955",1673370016,1
It has already been approved by regulators in the EU. It seems like they're hoping to get approval from the FDA in the US this year. How long it takes after these approvals before you can actually get dosed is unclear.,1673370352,1
Priced around $1.9million.,1668000623,0
"They‚Äôve made progress on Licence application. But how well does it work? Or more accurately, how difficult and 
risky and how many side effects will come with it? And for how long? From what I understand ‚Äúcuring‚Äù hemophilia this way is worse than having hemophilia. But I could be wrong. I don‚Äôt know enough about it. What I have seen seems like something I‚Äôd rather not go through myself. Should I be more optimistic?",1668043636,-1
Compared to 600k per year now. Thats a steal almost,1668006703,-1
"Factor over a lifetime is much more expensive. It really wouldn't be that big of a fight with insurance companies if it brings up and sustains factor levels to near normal levels and eliminates the need for factor replacements. If you are on prophylaxis, you probably spend that in a couple years. 

I'm also pretty sure the other option of hemlibra is pretty expensive as well, although I don't know the actual cost. I know most insurance wouldn't cover it as a mild so it has to be more than factor replacements.

Also remember the facilities, technology, and people doing the work developing these need to be compensated as it is not something that is very easy or streamlined currently. It also allows profit to keep advancing it and will likely get to the point that you will be cured before you are even born for the future generations. Wouldn't that be great to have our struggle disappear for future generations?",1667400671,1
Oh well,1667395547,1
"So, affordable then‚Ä¶üòÖüòÖüòÖ",1667399409,0
Does insurance help in any way?,1667400371,1
My hospital was in preparation to begin offering gene therapy for it's members since all the insurances they have from people who have hemophilia approved of the cost for the treatment. But the FDA wanted more trails so we have to wait a bit more.,1667462642,1
[deleted],1667420908,0
I‚Äôm sure they will. My take is that they‚Äôll actually be the preferred treatment once they‚Äôre predictable enough. 2-3 mil for a patient to potentially never need factor again or hemlibra again unless they have an injury or surgery versus 1m or more a year for big users? The math makes it an easy financial decision for the insurance companies.,1667430415,1
"That's why I said ""if"", regardless they need more money and research to make it more effective, so it still will be a help for those that are willing to give it a shot and can have it covered by insurance. 

I know for people like me who have shown inhibitors, we are probably not going to be candidates for it since our immune system will probably make it almost useless. Mine attacks my natural factor now and brought me from 11% to 2% so I'm probably not going to have the option at all.",1667421891,1
[deleted],1668236738,0
I don't have high hopes without messing up my immune system big time by suppressing it. The inhibitors are effecting my natural factor so I think it will overcomplicate matters.,1668259999,0
I still don‚Äôt understand why an adcomm is not of interest with such cutting edge tech.,1669311860,-1
[deleted],1661382523,0
Wow this is huge. I don't know why this post isn't higher up. Is there something I'm missing?,1661399378,1
First post about gene therapy that isnt from stopmakingmisenseüòÇ,1661389642,0
They have a way now for a single use injection basically that allowed the body to start producing factor VIII by itself,1661391538,0
"It's just regulatory approval - and at a European level. Individual countries will need to also decide, and also work out how (and if!) it might be funded and made available to (which) patients.",1661430466,1
Upvoted,1661463342,0
For a bit at least. The expression does seem to wear off slowly after a few years - although there isn't really much long term data.,1661430727,0
Well played!,1662007893,1
Nice find!,1662413716,1
"I work for a Htc, have seen the data.  This product is not all that, patients have to be monitored super closely, meaning weekly or monthly visits at the least.  No booze either, and high chance of getting out on steroids.",1651806885,1
I wonder what they mean by ‚ÄúWorks‚Äù?,1651801715,0
"If this works as well or better than Hemlibra, look for insurance companies to start pushing it. $2m-$3m for a procedure that could cut hemophilia costs from a million a year to a couple hundred thousand or less per year for the life of the patient is a no-brainer for the insurance companies. If it‚Äôs safe and effective, I‚Äôd be all fort it for myself.",1651785779,1
"The efficacy is clearly there. Only some patients required steroids to mediate high liver enzyme levels since the drug targets the liver, but this lasts for a fraction of the duration one is supposed to see clinical benefit. Post monitoring will likely always be less intense than in clinical trials but patients with prior risk factors may need higher frequency (I.e History of fatty liver disease, HCC, hep C etc.) for good measure. A gene therapy for severe hem A is exciting, truly first of its kind and will be one of the first gene therapies approved on the market.",1651905292,1
"> patients have to be monitored super closely, meaning weekly or monthly visits at the least

Yes but only for a number of months after dosing, right? It's not forever.

> No booze either, and high chance of getting out on steroids.

I think this is going to be true for any product that is based on a viral vector that does nonintegrating gene transfer.",1651842444,1
">Details are still scarce, as approval decisions loom for Roctavian

I imagine it's gotta be FVIII levels and/or X number of bleeds.",1652369828,1
"If you have the time, I tell patients to go for it.  I don‚Äôt know anyone that can take time off work each month to do this therapy.  

In the end, it‚Äôs a unproven product that only works for maybe 30% of the population?",1651847204,0
"> I don‚Äôt know anyone that can take time off work each month to do this therapy.

I don't know what the post-dosing surveillance protocol is going to be for the approved product, but I think there's some chance it could be less intense than what was done in the clinical trials. And I think most of it is just drawing blood to run LFT and factor activity level. I hope patients will have the option of a nurse coming to them to draw the blood.

> product that only works for maybe 30% of the population

Citation needed.",1651867619,1
How much time are we talking about here and why is that time needed? Does gene therapy work likethe MRNA vaccines?,1651922119,0
My understanding is that gene therapy is a one-time infusion; the follow-up monitoring is laboratory blood draws (maybe at LabCorp orQuest).,1652369695,0
I just wanna say thank you for keeping us up to date on hemophilia healthcare news,1657551726,1
"There were questions why biomarin didn‚Äôt present on their mean F8 levels after the 2 year results.  

If you want to follow and get good up to date info, I recommend following Prof Makris on Twitter.  He‚Äôs at isth, and retweet‚Äôs most presentations.  

https://twitter.com/profmakris/status/1546243697578332165?s=21&t=JmJGiR1SbzFu9opx3hbTSw",1657553431,1
"I applaud biomarin for holding off on submission, as clinicians have said, there isn‚Äôt enough long term data.  There is major concern on durability, this could take longer until fda approval",1654105099,1
It seems that FDA taken large amount of money from grenetech. They might intentionally not allowing biomarin product to come. They know if it comes then hemlibra market will collapse.,1654245175,-1
[NEJM Article](https://www.nejm.org/doi/full/10.1056/NEJMoa2113708),1647524361,0
"This is so exciting for the hemophilia community.

FYI if you are only seeing the abstract as opposed to the full article, you can sign up to gain access to a limited number of free articles every month.",1647529136,1
I mean even if it only kept me symptom free for 5 years that's better than what I deal with now and I'm borderline mild.,1627002043,1
"Not surprising at all, this has been one of my chief complaints about gene therapy in its current form for the last few years. Everything is being rushed and the costs/negatives will be pushed to the patients as usual. I‚Äôd rather have a durable, trustworthy product than take the ‚Äúfirst to market‚Äù product. The pharma companies are only worried about their bottom line and keeping hemophiliacs as their cash cows.",1627062961,-1
"Thanks for sharing.

Gotta wonder what the incentive is for these huge biofirms to create a one time ""cure.""   Our medications are stupid expensive.  And genentech, baxter, etc, make a killing off us.

You mean there's a shred of humanity left?    Did the billionaires become happy about going to space and having their gold plated shark tanks?   Heh",1626986577,1
The only way to prove a gene therapy product is durable is to wait. Should they wait until all the clinical trial subjects have either stopped expressing factor or died of old age?  What's the right amount of time to wait?,1627064822,-1
"Honestly , if I suffered from this.  I‚Äôd take this right now‚Ä¶.. time to live lifeb!",1649461096,0
I don't think they're doing it out of the goodness of their hearts. I think they see startup firms advancing new technology that will eventually disrupt their markets.  So they partner with or buy the startups so that they're the ones getting $1MM-3MM per one-time treatment. They also get experience with a new technology that may possibly be used to treat a wide range of conditions.,1626989648,1
They'll just make it cost a million dollars.... Kind of what they do for CAR-T cell therapy for lymphoma.,1626989471,0
"Because whoever develops a cure first has a monopoly. Takeda, or Genentech, or Behring or any of the other big names could dump every single unit of factor product they have nationwide and still make a huge profit with a cure.",1626995915,1
and there it is.   Makes sense.   Testing new technologies on the few to ramp them up on the many,1626995920,0
Wouldn't the cure-discovering company just trash it? Why would they kill the goose that lays the golden eggs? Yes at one point factor pricing was equivalent to gold pricing pound for pound.,1627027518,-1
The tricky part with any of these treatments right now is that not everyone is a good candidate for the treatments depending on the delivery method.,1627004007,-1
I get the impression that you think this is problematic?,1627046615,-1
" - Realistically there would still be tons of people using factor who would for some reason or another be unable to receive the cure. 

 - No one can compete with a true cure. Company XYZ's fancy new factor product may get improved on and largely pushed out of the market but not a true cure. 

 - They can also just charge whatever price they want and insurance companies would pay for it. Compared to the long term costs of factor drug, specialist visits, ER visits, etc.. even at a cost of a $1 million that can easily become profitable to pay for for many patients.",1627174056,1
It's the way the world works,1627053516,0
See r/Lysoveta for more info.,1651859037,0
"More coverage at:



*  [BRIEF-Biomarin Pharmaceutical Says U.S. FDA Placed Clinical Hold On BMN 307 Phearless Phase 1/2 Study (msn.com)](https://www.msn.com/en-us/health/medical/brief-biomarin-pharmaceutical-says-us-fda-placed-clinical-hold-on-bmn-307-phearless-phase-12-study/ar-AAO8G6s) 

*  [U.S. FDA Placed a Clinical Hold on BMN 307 Phearless Phase 1/2 Gene Therapy Study in Adults with PKU Based on Interim Pre-clinical Study Findings (markets.businessinsider.com)](https://markets.businessinsider.com/news/stocks/u-s-fda-placed-a-clinical-hold-on-bmn-307-phearless-phase-1-2-gene-therapy-study-in-adults-with-pku-based-on-interim-pre-clinical-study-findings-1030781453) 

---

^(I'm a bot to find news from different sources.)  [^(Report an issue)](https://www.reddit.com/user/MultiSourceNews_Bot/comments/k5pcrc/multisourcenews_bot_info/) ^(or PM me.)",1630947934,0
"I just chopped down two 3 Bears OG plants and am now learning how to dry and cure.  My 3 Bears OG plants had many leafy nugs.  I am hoping with a proper curing, my nugs will become more dense and stop smelling like chlorophyll.  I had to wash my plants because they had some powdery mildew on them.  I used hydrogen peroxide, lemon squeezed lemon juice, baking soda and water to wash my buds and then I hung them to dry under a small fan.  Once all the water that could fall off the plants was off, I did a wet trim (which I think was a mistake). I then re-hung the plants in a cardboard box.  They dried up really fast.  The trimmed nugs became super dry over the course of 3 days.  I panicked and chopped the leafy nugs off the stems, put the nugs in 2 large mason jars and put boveda packs in the jars. I am waiting for some moisture to make its way back into the nugs.  I heard people say that boveda packs rejuvenates dry nugs. This is all a big trial and error process for me and it is only day 3!",1613799531,1
You lucky sob!!!!,1613756526,1
"How much you get dried? Very interested... you got a journal or anything to share of the grow... I kept one with pics just aint learned how to upload, sounded like some not so fun stuff with cleaning the plant before drying. ... because of weather mine dried in less than 3 days(ugg) I put in paper bag for 2 days, then denugged and jar for cure, smoking it now...very tasty",1613837204,0
"I just did a weigh of my two 3 Bears OG plants' yield and it was 235 grams or 8.25 ounces.  I wanted to be sure I had the correct weight so I measured a known quantity on my scale and the scale accurately weighed out the known quantity.  So my 2 plants gave me 8.25 ounces although I will do a final weigh in 3 weeks and see where the weight is at after a proper cure. 

Unfortunately, I did not do a grow journal but I plan to do a grow journal on my next grow where I will be growing Double Grape, Strawberry Nuggets, Ripley's OG, 24 Carat, Skywalker, Northern Cheese Haze, Hubbabubbasmelloscope, Sour Stomper & ManBearAlienPig.  I guess I will do weekly posts but we shall see.  I am excited and want to document as much a possible.",1613894235,1
"Man.... I can't wait to get another chance SB... ive tried 3 times with bad results (my fault), stoked about the USA drop today",1614011347,-1
"Still not convinced about the safety, durability, or price point.   Glad to see there are advances being made, but still far away.",1641791733,1
"What specifically are you seeing that makes you question safety? Durability seems to be the big question, but even the low dose phase 1/2 group looks to be doing well out to five years. Also, price point? No gene therapy approved anywhere yet.",1641830355,1
Least 5 years,1641829217,0
"Use of steroids in some patients, which can be problematic.  The figures discussed initially were 1-1.5 million per procedure, which has increased since then.  Trying to justify this to insurers will be very difficult, especially with Hemlibra continuing to become the standard of care.",1641840624,0
"How do se get in on this??

I tried reading it, and it doesn't appear to be a mab.  Not sure exactly what it does....

But the results speak for themselves!  How in the world do we get off of the recombinates and mabs and other frankenstein meds?   

Yea, this is probably a frankenstein, but if it really creates factor 8, instead of just creating a bridge between factors 9 and 10 to continue the clotting cascade, I WANT IN!!    Heh",1626798334,1
"I wouldn‚Äôt get your hopes up. I‚Äôm usually really optimistic about things, but when I looked into the trials for gene therapy it looked like a pretty brutal process. It‚Äôs probably not something I would go thru even if it did promise to raise my level. I‚Äôd like to hear from people who have done it and see what they say. The one guy I was following had a pretty rough time, and I‚Äôm not sure his levels remained steady.",1626814482,1
"Wow... Yea, I know nothing about the rigors of gene therapy...

I just know that hemlibra is good, but has some serious problems for me.",1626817219,-1
Oh wow what problems have you had with Hemlibra?,1626818412,1
"very odd ones.  Maybe it's because I'm older.

If I hold an isometric pose, like in yoga, and put a lot of stress on a singular muscle, it will feel like I have a bleed and be very tight.  Inflammation to an EXTREME amount.  I've had to treat such issues with regular factor.

I've also had the tear ducts in my eyelids form chalazions - ESPECIALLY after the few ""loading doses.""   They required minor surgery to get rid of.

In most people, a chalazion clears itself...  Not the ones I've had.  And I've never had anything like these except the month after I started hemlibra.  Then, I walked into a spider web, and rubbed my eye too hard.   Almost overnight, a hard lump formed.  

And this has happened more than once.   Three times.  

So, yea...  I think the muscle problems are more of an issue of my concern, but this drug combines factor 9 and 10...  That HAS to be problematic in some clotting circumstances.   I feel I've found 2.  Sure, they are anecdotal, but I can make them happen over and over if I wanted to.",1626847077,0
"Good to know. I had something weird when I was done with the loading dose. My joints, especially my fingers, seemed swollen and were sore. So I thought it would help to take it weekly, instead of one big dose every two weeks. I felt like the big dose all at once made it worse. Doing the weekly helped. I did have tendinitis in both elbows within the first 6 months, which seemed to me like a strange swelling thing. It was like a bleed but different. But that finally cleared up and otherwise I‚Äôve been happy with it. I still need to infuse a once or twice a month because I beat myself up. And I‚Äôm getting old. But so far so good. Hemlibra has cut down my infusions by 75% at least. I still couldn‚Äôt exist without factor tho. I‚Äôd fall apart pretty quick.",1626853637,1
"Good to know. I had something weird when I was done with the loading dose. My joints, especially my fingers, seemed swollen and were sore. So I thought it would help to take it weekly, instead of one big dose every two weeks. I felt like the big dose all at once made it worse. Doing the weekly helped. I did have tendinitis in both elbows within the first 6 months, which seemed to me like a strange swelling thing. It was like a bleed but different. But that finally cleared up and otherwise I‚Äôve been happy with it. I still need to infuse a once or twice a month because I beat myself up. And I‚Äôm getting old. But so far so good. Hemlibra has cut down my infusions by 75% at least. I still couldn‚Äôt exist without factor tho. I‚Äôd fall apart pretty quick.",1626853647,1
"Good to know. I had something weird when I was done with the loading dose. My joints, especially my fingers, seemed swollen and were sore. So I thought it would help to take it weekly, instead of one big dose every two weeks. I felt like the big dose all at once made it worse. Doing the weekly helped. I did have tendinitis in both elbows within the first 6 months, which seemed to me like a strange swelling thing. It was like a bleed but different. But that finally cleared up and otherwise I‚Äôve been happy with it. I still need to infuse a once or twice a month because I beat myself up. And I‚Äôm getting old. But so far so good. Hemlibra has cut down my infusions by 75% at least. I still couldn‚Äôt exist without factor tho. I‚Äôd fall apart pretty quick.",1626853691,1
"Good to know. I had something weird when I was done with the loading dose. My joints, especially my fingers, seemed swollen and were sore. So I thought it would help to take it weekly, instead of one big dose every two weeks. I felt like the big dose all at once made it worse. Doing the weekly helped. I did have tendinitis in both elbows within the first 6 months, which seemed to me like a strange swelling thing. It was like a bleed but different. But that finally cleared up and otherwise I‚Äôve been happy with it. I still need to infuse a once or twice a month because I beat myself up. And I‚Äôm getting old. But so far so good. Hemlibra has cut down my infusions by 75% at least. I still couldn‚Äôt exist without factor tho. I‚Äôd fall apart pretty quick.",1626853704,1
"Good to know. I had something weird when I was done with the loading dose. My joints, especially my fingers, seemed swollen and were sore. So I thought it would help to take it weekly, instead of one big dose every two weeks. I felt like the big dose all at once made it worse. Doing the weekly helped. I did have tendinitis in both elbows within the first 6 months, which seemed to me like a strange swelling thing. It was like a bleed but different. But that finally cleared up and otherwise I‚Äôve been happy with it. I still need to infuse a once or twice a month because I beat myself up. And I‚Äôm getting old. But so far so good. Hemlibra has cut down my infusions by 75% at least. I still couldn‚Äôt exist without factor tho. I‚Äôd fall apart pretty quick.",1626853728,1
"I can't really say as I haven't bought any of their products but I've read some complaints about them some years ago. 

Anyway, I had a weird experience with one of their agents at the sm north way back 2015 or 2016.  I think the shop's name was Origani and they were trying to sell me manuka honey skin products. A foreign-looking girl invited me to their shop to test their products and before I knew it, I was stuck there listening to her for what seemed like eternity. After demonstrating how the products work and giving me lots of their product flyers, she asked me if I had an atm/debit/credit card with me. I said yes. She asked to see it and I showed her one of my cards. She then inquired if I was a government employee (must be the landbank atm card lol) and she looked disappointed when I answered yes. Well, can't blame her. Most people think government employees=poor. Unless you're a politician. Haha. 

I remember her telling me that she'll offer one product to me at a very discounted price-a whooping 11k for a jar of moisturizer (?) and she'll even add a freebie. And I remember declining her offer and telling her that I was supposed to have my hair curled at one of the salons there, had I not been waylaid by her. She then candidly asked me if I was sure I wanted to prioritize my hair over my very dry skin. She stressed this a lot of times. Haha. IMO, my skin wasn't really dry. I actually have better-than-average skin, if I may so. But this foreigner (who was surprisingly good at speaking tagalog) kept on telling me I had dry skin and I needed to prioritize it over my hair. As in paulit-ulit kami! Haha. 

I actually had no intention of buying any of their overpriced products but what sealed it for me was her pushiness.  I recall seeing some of the filipino salesladies looking apologetic at us, as if somehow, they, too didn't agree with the foreign sales agent's method. She then further reduced the price to 5k, but I still declined. Had I not been planning a trip that week, I might have just given in to her offers as it was really exhausting repeatedly declining her offer. But I had a budget to stick to, and a hair that needed urgent make-over, so I knew there was just no more room for unnecessary expenses. 

She must have sensed that she couldn't convince me as she started being cold and condescending. I apologized one last time and took one of those flyers she has been giving me earlier, telling her I'll just review the flyers later and study their products more. To my shock, she snatched the flyers from my hand (as in malakas na hablot), haughtily told me those flyers were exclusive for members and walked away, leaving me standing there in shock. Feeling ko napahiya talaga ako. I didn't see any point in refusing to give me the flyers as she was practically pushing those at me earlier. 

I just left the store confused after that. She must have have hated wasting at least 30mins with me, without me buying any of their overpriced products. I got curious about them after that encounter and started searching about their company. I discovered that my experience wasn't unique and there were really people who swiped their card for 3-4 months worth of their salary without realizing why they did it. Some of these people recognized their mistake and tried to return the products and get a refund the next day, but sadly, I think most of them  failed. I'm still not sure if it is a scam or these sales agents just have really strong convincing powers, bordering budol-budol levels.",1567695572,1
"That's really a whole other level of Budol Budol and it's totally alarming. I think I saw a glamourized stall or area sa may escalator ng Gateway Mall way back (yung may Medusa/Versace copied logo and font) na parang ganun rin yung ""business"". Sa Trinoma naman foreigner guy gave me 2 samples of soaps and that's it no talk or whatsoever (baka kasi na sense na wala akong pera lol!). Pero seriously someone should report it sa ABS, GMA and well even if I don't like them...Tulfo brothers.",1567703955,-1
Slightly out of topic pero some of these foreigners sa Black Pearl may be working while on tourist visas......... idk it's kinda sketchy,1567696755,0
[deleted],1567726510,0
"Imo, scam. I think they're products are waaaay overpriced. When I asked their staff if I could take a picture of the ingredients so I can show it to my derma, he said yes, but wouldn't give it to me lol he would start his spiel again and say that I don't need to ask my derma since it's 100% safe and organic. He was being pushy and rude din. Haaayyy",1567694492,0
[deleted],1567694628,0
"Okay, so I know a few things about 'em because... lol my ex was one of the guys who headed them. I'm not biased bilang shit break up naman nangyari samin but I'd like to correct a few assumptions based on WHAT I PERSONALLY KNOW. Shit gusto ko gumawa ng throwaway account pero tinatamad ako.

* All the foreigners I knew (from the head honchos to the salesmen) were NOT on tourist visas. They all have work visas and ARC cards. Some reports also say na it's like 4 foreigners to a condo unit and it's similar to human trafficking. Fuck no. These dudes had 1 unit each in the swankiest condos in BGC. By swanky I mean nothing lower than Arya or Essensa. Yan, ni-name drop ko na. HAHAHAHA. So in that sense, they were here legally and operated in humane conditions. 
* Products themselves worked great esp the scrubs and stuff with Manuka.
* NOW to the budol part, they are known for extreme sales tactics na tinuturo talaga sa classes world wide. These are all mostly under ONE umbrella company. Usually one investor lang yan iba iba lang pangalan. Kaya minsan ung tindero sa Kedma andun din sa Origani andun din sa Fashion TV. These tactics while not illegal, are seen as harrassment in most cultures. Take note, these guys are usually from gulf origin meaning in their country THIS IS NOT OFFENSIVE. 
* Salary is based on commission and regular base pay. To be quite fair, they treat their Filipino counterparts and employees amazingly well. Palaging may pakain, perks, training and all. 
* Items have ceiling prices. So yung binebentang 100K na yan ang real price is 50K, so they can keep playing with the pricing strat basta di babagsak sa 50K. 
* They are extremely well trained in spotting vulnerable people who will bend to their will. If you do not want them to approach you, you must be as aggressive as they are. Tandaan mo, bansa natin to. If di ka tantanan say ""lo toda"" which basically means ""no thank you"". They respond better to firmness rather than ""o sige"" I'll try mentality. 
* To me personally, it isn't budol. No one usually FORCES you to buy it, napapabend lang nila ung tao. It is no diff than any multi level marketing in my opinion, but that's just me.",1567761725,1
"Check this article from cosmo Philippines. I think kasama itong brands na 'to sa group of brands nila https://www.cosmo.ph/beauty/skin/dead-sea-cosmetics-kiosks-philippine-malls-a2790-20190103-lfrm5

Most of the time nabibiktima yung mga tao who find it hard to say no and those na nahihiya nang hindi bumili when the seller already spent time on them.",1567713508,-1
"Honestly, with those prices I would rather buy something from La Mer, SK-II, Drunk Elephant, or some other luxury named skincare. At least those brands are well known and established.",1567818488,1
There's another one like this.. yun Kedma. My male officemates were convinced to get stuff with the same tactic sa mall sa cebu. One of them spent five figures pa for a set yikes! tapos yun isang known na kurips sa office naka 5k lol. Then nagulat ako pati mom ko nabiktima and spent 10k ata. iniisip ko kung nabudol budol ba sila tuloy.,1567760570,1
"I had a crazy experience kanina. This happened in Ayala Central Bloc Cebu. The saleslady was kind. She made me try products but she was not pushy at all. Then, her manager came suddenly. Dun na, she was so pushy. She tried to convinced me by offering a lot of discounts and freebies and lower prices offering. I was like sort of hypnotized. I didn't have money though. I only have like 3k in my card, then she said I could just give her 1k downpayment tapos yung 12k to be followed na. She asked for my card. I gave it to her then she just suddenly swiped it without my consent. I asked her what she was doing then wanted my card back. When she gave it back, I immediately ran fast haha. Almost got scammed though. What a horrible experience indeed!!!!",1666427956,1
"I should have seen this thread before. My fault too for not being to so aggressive with my ""no"", they were really pushy and really targeted insecurities of my skin and body. I purchased their product worth 7.9k daw 5k nalng lahat. I also got wellness freebies from them like facial, wellness cocoon pod, at EMS. Now I'm hesitant to ask for a refund kasi I availed all freebies right after I purchased the products. I feel so bad purchasing something so expensive that I didnt even truly research on if this product is gonna be good for my skin.

anyone of you have similar experience, like consuming the freebies and went to file for refund? I would also want to push through with refund kahit 75% of it lang mabalik sakin, but I'm also scared to go back to the store, nakaka trauma.",1670870746,-1
"They have decent products naman (although di nla ako customer kasi i dont want fragrance or unnecessary plant extracts or whatever in my skincare) pero overprice tlaga sla, ganun sila ka pushy kasi super laki ng commission na nkukuha nla. I know this since my coworker‚Äôs gf is working in their company hr dept. not a scam it‚Äôs really just pure business,super motivated lang sila bec of the big commision they can get (they can earn 30k up to 100k a month commi daw) kaya parang nanghoholdap na ,its up to you naman if kakagat ka or you really like their products, pero madami na din daw sila regular customers",1567696877,1
Deceptive and incredibly pushy. We filed a complaint against them thru DTI-FTEB and we were awarded a full refund of the money they took from us forcefully for a lack of better word.,1574407500,0
"My mother fell into their trap and availed of an 80,000-peso package. She took us with her for the first session. During the procedure, they kept coercing my father to buy a device worth 400,000. They. Won't. Stop. Didn't even let him relax. What a horrible experience. ü§¶‚Äç‚ôÄÔ∏è",1655040440,0
"I‚Äôll share an experience from my mom‚Äôs view and my view from these two vendors (Origani and Black pearl)

From Origani she bought a day cream, night cream and a scrub but those three didn‚Äôt work and the thing those 3 products were like 10k. 

Now from Black pearl in the first time we went to there in city of dreams I remember the workers there were quite pushy :/ they insisted on getting us to buy this seeweed (I think) salt scrub from my older brother who has really sensitive skin (eczema basically) which was good for sensitive skin but the thing is he‚Äôs allergic to salt scrubs. I think we did bought another product but I can‚Äôt remember the 2nd one actually from the first time my mom bought there. But yeah my mom ended up buying those two which were really expensive. When my older brother tried it it ended up making his skin worse actually and not only that but my mom also tried the salt scrub too and also made her skin worse like AS IN very worse. Also that 2nd product I remember was bad too :/

But the only good experience I have from black pearl in the 2nd time was today actually when we were just city of dreams again walking around til suddenly a woman approached us (good thing she wasn‚Äôt that type of pushy person but just handed us which my mom ended up getting the sample) since my mom and brother tried it and the results was actually nice ngl we ended up going back to the lady and ended up buying the product and I‚Äôm just gonna be honest but the lady was really nice and gave my mom a free facial  and my mom appreciated the lady a lot (the hand cream ended up actually being a body lotion this whole time but it was nice and it smells good) it was expensive honestly but yeah this was the first time it was a good experience from those kinds of Dead Sea products honestly. 

I wish every worker who works on those kinds of Dead Sea brands was like that lady we just met today honestly like she wasn‚Äôt pushy or anything but just handed us not really expecting anyone buying any of the products but just letting any people that pass her if they want to get it or not :(",1656869232,1
"Sa mga na scam, mag sama sama tayo at mag complain sa DTI ang pitch natin ay DECEPTIVE SELLING. May nabasa ako same ng cases natin at successful sila na irefund ung pera nila dahil naging mediator nila si DTI. At nag sulat ang DTI na pinagmulta nila ng 300k si Sea of Spa. I don't know bakit meron parin sila boutique sa mga malls üò°",1675777402,-1
"Hi! I‚Äôd like to share my experience with Origani and hopefully this could help everybody with their refund. 

I was also scammed by them last year. They took about P80,000 from, they did the same pushy sales tactic and me as an introvert couldn‚Äôt say no to their offers at that moment. 

Trigger warning (Minor harassment)‚ùóÔ∏è 

They were pushy with having me avail their free facial that day so I went inside their facial room eme tapos their boss tried to build rapport and began to sales pitch their membership. While asking me to buy that, he was always my touching my thighs which really made me uncomfortable. 

After an hour I caved in and bought their lifetime membership para matigil na ang lahat. I went home realising I my savings for something so unreasonable kalokaaa 

I wasn‚Äôt able to ask for a refund because I had to go to my province for a few days but immediately went back to the store to return their things and hopefully get my money back. 

The boss‚Äô usual friendly demeanour was gone when I told him I wanted a refund back, but they said that a change of mind isn‚Äôt a valid reason. 

But during that week I was in the province, I saw this post and did my research about them and their scummy sales tactic. I argued with him for a couple more times and decided that I will file a report to DTI if they didn‚Äôt return my money. 

He tried to even gaslight me that day and say that no one from DTI would entertain my request. Thankfully my mom and my sister was with me in the store because THEY PULLED A KAREN (which is a good thing in this situation lol) because this is where they got Origani‚Äôs HR‚Äôs contact number to file a complaint. 


In case you wanna skip to how we got the refund here‚Äôs how it went:

1. We filed a complain to DTI, and here are the things we made a complaint for: 

- thankfully my sister worked in a bank so she spotted that they need to provide a RECEIPT not a SALES INVOICE. 

- No CCTVs inside their facial room eme (Context: When I was asking for a refund, I asked if their CCTVs are functioning inside the facial room area to prove that he was inappropriately touching me, he said it‚Äôs not working)

- Pushy/ deceiving sales tactic

2. Directly went to SM‚Äôs management (In our case SM Bacoor) para ireklamo sila, accommodating sila and I told them my bad experience with the boss, scummy sales tactic etc. They even set up a meeting for Origani and my family to meet that night, but they didn‚Äôt show up.

3. Contact their HR (constantly lol, my mom didn‚Äôt stop pestering them)

Eventually the HR messaged me and say that they‚Äôll return the money in full the day after. They gave everything in cash, made me sign a contract, fire that boss (I doubt it pero who knows).

Yung agreement ata stated that I should overlook this but I don‚Äôt fucking care lol they‚Äôre a scam and everyone should be aware of purchasing their products/service.",1675790775,1
"Mukhang madami dami na naiscam ng company na to, mas maganda ireport na kay Sen Raffy Tulfo para di na sila makaloko pa. Grabe laki pera nakukuha nila.",1676300057,0
"Hi!

My mom got suckered to buy sa City of Dreams naman. They also gave us a free mask/facial service. Pero the staff there were nice kaya siguro nauto sa salestalk un mom ko.

But anyway, if you look online, it's a lot cheaper than what they sell in their physical stores. Same product naman.",1567694548,1
"Been reading the comments here and oof sketchy af nga. Anyway, so I know someone who's a ""Skin Specialist"" and Branch Owner of Origani (based sa social media niya).  She also posted on her feed na hiring daw sila and 50k to 100k monthly + incentives and bonuses pa daw. Mukhang true yung isang comment dito ah kaya sobrang pushy nila.",1567747437,1
Paano niyo po na refund. Ako kc worth 94k sa Credit Card ko. Pabelp po. D rin me mkatulog.,1658803461,-1
Paano po ninyu nakuha ang refund mine was 120k po kahapon lang din. Pahelp naman po.,1659687717,-1
09178343330 - DTI Hotline. Nag rereply sila and they will help u,1660957409,0
may nakapag refund na po ba sa inyo recently? victim din po ako,1662757927,-1
"Meron din ako experience.. Origani yung store.. sabi ng staff he will let his Isaraeli boss talk to me.. kaya the boss offered me a 100k one time deal for membership and the machine itself.. was really hesitant kase nga 100k.. original price is 220k for the machine alone at 138k for the membership.. I was about to pay using my card kaya lng nag error kase wrong security password na in ko lol so i end up not being able to pay.. on the day promo lng daw sabi ng boss pero okay daw na bukas ko nlng e pay.. 

I started reading on reddit about this type of scams..kaya the more hesistant I became.. what do you think po of my decision? Scam ba talaga sa tingin niyo?",1663746615,-1
Hi! Anyone here na nakapagrefund even if more than 2 months na yung purchase?,1664301171,0
[deleted],1677852642,0
"Hi I got refunded po in full. Malaking help yung pagshare ng iba sa experiences nila. Eto po yung mga napansin ko, aside sa same ng mga sales pitch at scheme:

1. Iba-ibang business name gamit nila ""branding"" ika nga. Mukhang legit ang physical store at sa malls pa at may website kaya di mo mapapansin sa una. Kung magpaprefund na, magsama kayo ng kakilala pag babalik ng store or pa-assist sa admin ng malls. Buti cooperative ang admin ng SM. 

2. Sa mga nabasa ko na sinabi na nakapagrefund sila by saying na dapat OR ang prinoprovide nila instead of Sales Invoices, totoo yun. And there's more to it. Kung titignan nyong mabuti ang SI at iko-connect kung bakit di sila makapagprovide ng OR ay dahil ang permit na inallow sa kanila ay for SALE OF GOODS, which means wala silang permit to render services like facial treatment or derma services. Plus kung di sila sumusunod sa invoicing requirements, possible na di rin nagdedeclare ng tamang sales na masusubject sa tax. (BIR violation) 

Much worse nagbibigay pa sila ng impression and claims comparing their services sa mga legit na derma clinic, kaya meron talagang namimislead. Additionally, kahit sale of goods (cosmetics) ang line of business nila, dapat may License to Operate pa rin sila from FDA. Iba pa yung certification ng mismong product. May certificate yung ibang product na nakita ko pero yung mismong establishment ay wala. Verify sa site ng FDA, or pwede din tanungin ang mismong store. Under DTI Administrative Order #06 s. 2007, Isa sa mga aggravating circumstances #14 yan. Isearch nyo, pero again dapat may proofs kayo. (FDA violations) 

3. Kung may contract kayo na pinirmahan, at naniniwala kayo na namislead talaga kayo intentionally, pwede nyong icontest yang validity nun. Plus sa video ng pag-unbox kung meron, nagquestion din ako sa intention nila ng pagvid. Apparently, inaanticipate nila ang ganung pangyayari kaya may back up proofs sila. Matatalino ang mga scammer (in a very bad way).

4. Based sa mga story na nabasa ko at sa personal experiences ko, eto pa ang mga violations nila under Consumer Act:

-Provision on deceptive, unfair and unconscionable act/practices

-Provisions on Advertising & Sales Promotion

-Violation of R. A. No. 71 as Amended (Price Tag Law) 

May videos ang DTI sa YT regarding sa mga provisions na yan for guidance.",1678637739,-1
"No. She doesn't hate you for wasting her time. That's the tactic. They push you to try their products or to have a ""free"" facial. Most people, mahihiya na, not to buy anything. The last resort is they'll be rude to you.

Next time ask for their working permit. Init ng dugo ko sa mga to. My friend spent 150k on them. She's the type na madaling maconvince and nahihirapan mag-no. Like if may lumapit na stranger sa friend ko, nahihirapan syang iignore. We helped her get a refund and threatened to report the company sa DTI.

Tbh, sobrang dami na rin nilang DTI mediations based on what I read. This company doesn't care, because wala namang teeth ang DTI against these practices and most people nahihiya na magcomplain na naloko sila by the thousands. Irerefund nila pero mas madami silang naloloko. Immaterial sa kanila yung narerefund na transactions compared to total sales.",1567715547,0
This was exactly the same as my experience! (But the clay mask was just 5k - which I thought was already stupidly expensive for a mask),1567695811,-1
Same happened to me. Napabili ako ng manuka honey exfoliator. In fairness maganda naman kaso 6k grabe. Got a free moisturiser though but I think the exfoliating mask was not worth 6k!,1567729022,0
"WTFFFFF

omygod buti lang kinaya mong maging kalmado pa niyan. if i were you, i would've made a scene kung napaka-maldita pala ng sales personnel na iyan. a sales person who doesn't respect me isn't worth my time or my money.",1567746172,-1
"AGREE! May mala mala ganito akong experience in Singapore. Pinay din, sinales talk kami ng bongga ng friend ko with halong chikka. Buti nalang it was at the tail end of our trip, wala na kaming pera HAHAHAHA.",1568127833,1
Second this. Its the so-called high-pressure sales tactics.,1567698257,0
"If paiba-iba yung dinedeclare nilang price, based on how easy it is to manipulate a person, then what they're doing is not legal.

They could be violating the Consumer Act of the Philippines. If they're selling it for twice as much as the ""real"" price, RA 7394 states:

""It shall be unlawful to offer any consumer product for retail sale to the public without an appropriate price tag, label or marking publicly displayed to indicate the price of each article and said products shall not be sold at a price higher than that stated therein and without discrimination to all buyers.‚Äù

*Edited for clarity*",1567765608,-1
"Huyyy! I got scammmed too and I really purchased their product! My 3,800 was gone now",1670762765,0
"taga cebu here. wala pa ako na scam pero i think i noticed them sa central bloc. so next time naa mo duol sa ako, ako jud nang snobban ba. samok ana nila. haha",1675758484,0
Hi. I just got scammed today also. Late ko na nabasa yung mga review here üò≠üò≠ Paano ko ba siya marerefund? Hindi ko pa nagamit yung Honey peel pero nasira ko na yung box plus yung machine thingy nila for the eyebags. What should I say sa DTI kapag nag-email ako sa kanila? Thank you..,1671982900,1
"My mom had a similar experience sa Black Pearl in Okada. It wasn't even just salesperson, they were the owners daw talaga, 2 sila eh. A man and a woman, tas they were telling my mom about how Jinkee pacquiao and other celebs buys from them. Eh syempre oldies are gullible diba so she bought like 18k worth of skincare products and the machine that costed like 60k? I'm not sure na sa price coz it was from a few years back. She ended up not liking the products kasi it wasn't doing anything, and she couldn't get a refund so I was looking at online threads or posts but there really are no reviews on the products. I hope people won't buy any of their stuff na kasi it's most likely a scam.",1674352925,-1
"Hi po! I would just like to ask if naka refund ka dun sa purchase mo sa Origani? Planning also to have a refund kasi parang nabudol din ako, 300k dritso sinwipe nung ""one of the owners daw"" sa credit card ko without asking my consent.üò™",1674849902,1
Can i please know the process na ginawa po ninyo? I had experienced it juat yesterday. Planning to return all products and get a refund from them. Talked to my crefit card company already.,1576365950,-1
"Hello po, I was also scammed po. How long did it take for DTI to process and give you back your money po?",1649120620,-1
Ano po nangyari? Nagfile po kayo ng complaint? I am on this situation too right now.,1656115029,-1
Hello!same concern po. Meron po bang latest fb post tungkol sa kanila? pwede kaya malaman saan? I already filed a complaint sa DTI . Dami kasi nilang name kaya lalong questionable talaga. Thanks,1675880629,-1
"Nabuhay ulit ata to after the FB post.

I'm introverted and non-confrontational but when the sales people pulled me aside I spent an hour just saying no in a million ways. Kasama ko boyfriend ko nun so at least may moral support ako. But man they're difficult.

The thing is may effect naman din products nila. My mom has some of their products. Doubts of scams aside, she lets me use them sometimes and wala naman issue. Ang problema lang talaga is yung way of selling nila. Idk if that's how they do it in their country but here it just isnt good.

Nabanggit din sa FB post na yung isang beauty tool nila 50k or 80 ata. Tapos may mga nagsabi na sa Dubai mahal talaga presyo. Ewan.",1675818101,-1
[deleted],1678096774,0
me too na scam ako for 60k. 64k to be exact. nagamit ko na ung skincare na free daw and 5 vouchers don sa facial nila na face mask lang naman. hoping na marefund ko ung bnyad ko. scammers sila,1658842928,1
maam ako din gusto ko mabawi yunh pera ko 120k,1659687738,0
09178343330 - DTI Hotline. Nag rereply sila and they will help u,1660957403,0
[deleted],1660145337,0
"Same po, 138k Sa amin.. kahapon lang. Did you get your refund already po?",1660195795,-1
09178343330 - DTI Hotline. Nag rereply sila and they will help u,1660957327,0
Pa help po victim din po ako ng Black Pearl 180k,1662297862,-1
"Ma'am pahelp po, nabudol ako dito sa Black Pearl 7 days ago. 230k ang kinuha nila sa credit card ko, di na po talaga ako makatulog dito",1663339894,-1
Pahelp din po ako please,1664908737,-1
Madami na po nakakakuha refund,1663874650,-1
"Yes, got my refund. I purchased 230k. No need to go to DTI just talk to the salesperson that assisted you.",1664778575,0
Saan banda po?,1663764565,-1
Nakapagrefund po ba kayo?,1668561691,-1
File a complaint sa DTI. It against price tag law,1663874629,-1
Im not sure lang din kasi medyo matagal na. Pero try nyo din po kausapin yung nag assist sayo sa store.,1665564642,-1
Hi! I‚Äôd like to know if you have any updates on your issue. We‚Äôve also encountered these people and have unfortunately bought their products. I‚Äôm interested to know if there is a group that is coordinated and actively moving to get refunds from this store.,1678063228,1
Good for me then na makapal ang mukha ko. Haha.,1567728377,1
Super overpriced ng products nila! You can buy a complete set of skincare products from well-known and established brands at a cheaper price. Buti na lang i refuse to spend more than 10k for a jar of moisturizer. Won't even spend 5k for it. Lol,1567728334,1
"I may have worded it wrong, but from what I know/experienced, when you purchase they give an initial bill shock like 10,000PHP then when they see hesitation or after back and forth, they do a sudden price drop na ""okay I'll give you a discount"" or a mega price drop if you buy it in a package. Idk how they get around that while selling in mall kiosks but you can observe that strat and see if they still do it till now. Nagiiba talaga yung presyo from the initial offer.

Wondering if anyone here experienced said price drop/ offer?

Adding also: Due to a lot of complaints, DAPAT bawal na sila magapproach. Pinoy na ang nag approach - dadalin ka sa store - foreigner takes it from there.   


Read the comment below on DTI, not sure if they have backing there per se but some of them are well connected in the local scene. So... lam na (I'm assuming this part).",1567771949,-1
"I had no choice because they push me to buy it and I was like ""I'm sorry I really have to go right now because I had a christmas party to attend to"" and then the saleslady said ""no ma'am I will not charge you by just putting a sample product on your skin"" But then later on charged me even if I told them that I didn't bring cash.",1670763293,-1
"Hi! Same po. We got scammed last Dec. 24. We went yesterday to the store and the SA not there and nasa other branch daw. Tactics rin nila na palipat2 ang mga tao nila. We called the ""head"" daw and nag-ask kami na return namin ang product kasi my itchiness na and we ask to cancel our membership. As in budol sila kasi kapag andon ka mapapakagat ka talaga sa offer nila. Sabi pa niya need pa raw ng med cert. Hindi naman allergic reaction its just that nangati talaga and pag-uwi naghilamos agad ako. We already filed a complaint sa DTI sa CS ng Origani Philippines and sa Australia rin. Sabi ng head samin irereport nya daw ang sinabi namin sa office nila and sa Tuesday pa kami iuupdate kasi wala raw office until today. Ifafight po namin ito kasi big amount ang nascam sa amin.",1672023119,-1
"Ako last week na lured ako na bumili nung gadget na perfectio, I told them I don't really need it at wala ako pambayad but they were so persistent at mapilit talaga especially when they know you have a credit card they will take advantage",1674574944,1
"Report it to the DTI. Send an email to ftebmediation@dti.gov.ph or call 9757965; After nila i asess yung case, they will send you and them ng notice of mediation. Sa mediation, magdadala ng cheke yan. Balewala sa kanila yang perang ibabalik nila dahil madami pa rin naman sila naloloko.",1576736868,0
"Hi po, kmusta po ang process ng complain nyo, nascam din po ako and i badly need help.please contact me through my number 09451628231",1652326933,-1
Nagtry kana po magcomplain? Im in this situation din po kasi. Need ko din magfile hirap po kasi makatulog,1656403786,-1
"Subukan nyo po iemail dito: 
info@raffytulfoinaction.com
Yung iba po nagpupunta dun sa office nila sa tv5. FYI napasara na yung mga kiosk nila dito sa pampanga.",1678242439,-1
Try to escalate na din sa BIR and FDA. Basta kailangan my basis and supporting documents ka,1678273462,1
[deleted],1660145436,0
Hello nakapagrefund po ba kayo? Nascam din po ako. Please help paano po,1668554403,-1
Pm me,1660798372,0
Pm me nakapag full refund ako,1660799164,0
Pm me nakapag refund ako,1660798307,0
Help me din po please. Nkapag refund na din ba kayo?,1664914332,0
Origani membership ba to?,1663764604,0
Pm me naka pag refund ako ayoko masayang pera niyo,1660798331,0
09178343330 - DTI Hotline. Nag rereply sila and they will help u,1660957337,0
Hello,1664897877,0
Please help me din po on how to refund pleaseee. Naftustrate na din ako pano ko mababalik pera ko,1664897905,0
Pano po kayo nag refund?,1664908708,-1
Pano po kayo nag refund? Yung sakin mase ayaw nila irefund eh. Ayaw nila ko bigyan ng cancellation slip which I needed para matawag sa bank at iprocess ng banko to cancel,1664914188,-1
"pinabuksan kasi nila ang device sa store mismo, ayaw nila i refund kasi open na daw.",1664926103,0
"Hello po
Paano po yuung process? Nakapagswipe po kasi ako 140k and now ko lang nakita na ganito pala üò≠",1668601099,-1
[deleted],1678097729,0
"Yes. Good for us. I get annoyed when someone's pushy, so palapit pa lang sila, ""no"" na agad ako. I also don't believe we have to be nice all the time and to everyone, so hindi ako yung target market nila.

Initially, I can't believe people would fall for this. How could someone in their right mind spend spend 6 digits on beauty products, in one go, without prior googling.

Pero yung ginagawa nitong sellers na to, almost like extortion or exploitation. Probably, trained sila to spot people who are easy to manipulate and coerce. Yes it's not illegal, but this is wrong. When I happen to pass by and I spot someone na pinupush nila to buy stuff, I tell the person 'scam po yan'. Haha.",1567764820,-1
"That's what happened to my friend and one of the redditors who commented on the post. Biglang price drop na several thousand pesos below the initial price they offered.

Said friend gushed about a product she tried at the mall and asked if I already tried the stuff she bought (knowing I love everything kaartehan), nagulat ako when she told me how much the products cost. I told her she was scammed and parang nahimasmasan na sya. We asked around for what she can complain to DTI about, based on her story.

Nahanap namin yung Price Tag Law and the Consumer Act, which is applicable to all commodities including those sold in malls. Anyway, tl;dr they refunded her.

I understand that their sales strategy is not illegal and we can't use that as basis for our complaint, but it's really shady intentionally trying to spot vulnerable people to sell overpriced beauty products to.",1567795026,1
"Also lowkey nervous, can I get in trouble for the stuff I'm sharing bec I'll def take it down if so... any lawyers here?",1567772683,-1
Hi. I just got scammed today also. Late ko na nabasa yung mga review here üò≠üò≠ Paano ko ba siya marerefund? Hindi ko pa nagamit yung Honey peel pero nasira ko na yung box plus yung machine thingy nila for the eyebags. What should I say sa DTI kapag nag-email ako sa kanila? Thank you..,1671983401,1
Any update? Bumalik ka ba sa store? Anong pwedeng sabihing reason para mabalik yung binili? Hindi ko pa rin nagagamit yung akin. Thanks.,1672395689,1
I also paid for it and they seemed genuine for me and the money wasn't that much of a problem coz they offer 12 months to pay (originally 24 months pero ayaw ko Kasi Matagal) so basically 1.2k per session and two person per session and 24 sessions in total Ako I only made two session palang. I thought it was worth of my money for 1.2k para sa skincare para sa dalawang tao and 24 sessions with all the products and all. Should I also do refund? I'm not that strong to this kind of situation. And may irritation Ako sa Isang product nila,1675736232,-1
"Oo kaya ang paunang bungad na question nung mga nasa malls, kung meron ka na credit card. Kasi if meron yes potential target ka na nila",1675777502,1
"When you say mediation, paanong process nun? Is it a personal meeting?",1638665677,0
"Go to DTI website and call the customer complaints. Dami kong nakausap who were able to get back 10k, 20k, 180k, and even 200k after they‚Äôve been defrauded. From my understanding, the entire process took only 1-2 weeks for most people. May other people complaining din po sa FB. Go to DTI Related Complaints Customers Group and then search KEDMA. You‚Äôll find other people na nagvictimize nila",1652747524,-1
"How much nipay mo?
Ako sadly i give in na ksi stressed na ako prior our wedding day. 

Ok naman services and products nila thoug mahal nga",1652361137,-1
Kumusta po yung complaint nyo? Naayos na po ba?,1656115116,-1
File a complaint sa company nila. Dapat marereceive nila letter and yung SA na nag assist sayo,1658308382,-1
Nakaka pag refund naman,1658308326,0
Sakin nakuha ko agad in cash,1658308346,0
Thank you po sa info.. alam mo din po ba info kung pano napasara yung kiosk nila sa pampanga?,1678244028,-1
Pm me,1660798426,0
Hi how to pm you? Thanks I already filed a complaint sa DTI. Waiting for their response. Thanks,1660903056,1
Hello po nakapagrefund po ba kayo?,1668561721,-1
Just talked to the salesperson po..,1664933067,0
"file ka sa DTI, yan nalang option talaga.",1664926171,0
"They gave it to me in cash,  well actually they offer me to give it in cheque but I refused, baka mag bounce e..üòÄ",1664932344,-1
"Just talk to the salesperson who assisted you...then right after that, someone from head office, ""Customer Service"" daw will call you, then yun na my refund is approved!",1664932591,1
"Yes, to make sure na gumagana yung device. Ganun naman di ba kahit sa ibang store especially electronics. Well, for me it so happen na mabilis lang process ng refund ko. Just talk to them.",1664947673,1
"Hi, what's your reason po ba? I got allergic reaction kasi that's why I had my refund",1668991637,-1
"Hello, ayala malls manila bay po din yung branch ng sa akin, kanina po pumunta ako sa store to get a refund. And then enendorse nila ako sa costumer service which is tumawag naman po agad. Sabi sa akin na approve yung refund ko and need ko pumunta sa bgc tomorrow kung saan nandun yung finance office nila.",1678101328,-1
Hello? Did your friend get the refund in cash? What was the process po?,1645368632,-1
"Hello, may I know the process of getting the refund? How long did it take po and what did it take to do it? Want to do the same thing",1649170586,-1
"Bumalik ako pgkanxt day sa store and wala na doon ang SA and ang head daw nila na nagbenta sa amin at nasa ibang branch daw. I think, tactic din nila to na pinapalipat2 nila mga tao nila. Pero tinawagan namin at nireport nya. Ang reason namin is nangati face ko at nangati naman talaga at overprice. Tapos tumawag ang customer service nila at subject for review pa daw. Naapprove na po ang request namin for refund. Kaso Jan. 3 pa resume office nila hindi pa namin nakuha ang refund. At hndi ko pa alam kung when talaga makukuha refund namin. Kung 8k ang benta sayo ng manuka peel sabihin niyo po overprice benta nila sa inyo at gusto mong irefund.",1672396106,-1
Direct ka na sa company then sabihin mo in process nadin yung filing mo sa DTI. I got mine full refund in 2days,1658308462,0
"Hello po, you mean madami po kayo nakasabay na nagcomplain sa kanila? Is this Origani po ba? On what grounds po kaya para may chance na marefund?",1656235629,-1
how po ninyu nakuha ang refund saan kayu nagcomplain?,1659687798,-1
"Hi. Try ti question their license to operate kung meron. Iba-ibang company sila pero same lang ng mga products at scheme. Kung Sales Invoice lang din ang naiissue sa inyo kung may services kayo na inavail, likely wala rin silang LTO",1678263571,0
Mag direct file ka din sa company nila para makuha mo agas refund mo,1660957367,0
Kulitin mo din kung may contact ka sa store. Then ipakita mo yung DTI complaints mo.,1660970077,-1
Ilan days po bago nabalik sainyo? I already talked sa salepersons it will take 7 days daw po to process.,1665253988,-1
"Hi, pinagsign din po ba kayo ng membership fee?",1667827931,-1
Pwede po malaman kung magkano yung nirefund nyo po? Hindi po ba sya via creditcard? Inipit kasi talaga nila yung sakin,1678110330,-1
Did you end up getting a refund?,1649170605,0
 Nakuha nyo na po ba refund nyo? Samin kasi ang nangyari with med cert na pero ang gusto nla replacement lng ng product.. so i filed a complaint in dti then today we have mediation since full refund ang gusto namin dhil malaking halaga yung samin..,1673404719,-1
Pm me,1660798268,0
"So far eto yung mga nababasa ko na may ganyang gawain.  Kedma, Lionesse, KLP, Black Pearl, Origani, Sea of Spa, Aqua Mineral",1678263847,0
Yes po.. di nila sinagot yun nung sinabi ko sa kanila.. pero I have proof po na expired na yung LTO nila..,1678270158,-1
Sa origani australia?,1660972180,0
"I was advised na 14 working days...pero earlier dun tinawagan ako,  nakuha ko din agad",1665305384,0
"Yes, na waived nman kasi nagkaron ako ng allergic reaction, pinakita ko medical certificate ko",1668070487,0
Tsaka ano po reason nyo for refund?,1678110515,-1
"Via debit po yung akin, 23k po",1678144917,-1
Hi! Yes po nakuha ko ang full refund last Jan. 5 po.,1673427228,-1
"Hi po! I would just like to ask if naka refund ka dun sa purchase mo sa Origani? Planning also to have a refund kasi parang nabudol din ako, 300k dritso sinwipe nung ""one of the owners daw"" sa credit card ko without asking my consent. :(",1674849813,-1
How did u refund? Sakin kasi facial and slimming treatment na scam. Pagka uwi ko i felt scammed and no choice at that time,1663147685,-1
Thank you po sa info. Regarding this po..,1678270276,-1
[deleted],1678273029,0
Kahit sa store and head office nila dito philippines,1660976130,0
Skin reaction po,1678144939,-1
I'll visit again sa store nla ngayon.. pra kasing yung sakin pinapatagal pa nila masyado since medyo malaking halaga nga po yung sakin din.. prang pinapasikot sikot pa din nila..sana bigyan na din nla ko ng full refund.. pinagkaiba lang ksi sakin di ako nkabalik agad the next day so ayun ung pinopoint out nila.. may i know po around how much po yung sa inyo.? Sakin ksi po almost 300k,1673428538,-1
"Hello po sorry for late reply. Ngayon lang po ko nakapag open ulit.. until now di pa po kami nagkakaayos.. kasi they want a partial refund pero iniinsist ko na full refund dapat. As of now, I already informed it sa bank ko. You can call po sa bank mo din asap. Ksi ako recently ko lang naitwag pero until now di pa din ako nirerefund 2 months na.. bale hinihintay ko din ung magiging response ni bank sakin. Hopefully mafull refund na",1676263492,-1
Saan to banda?,1663764768,0
Ako din po. hindi ako nakatulog ng maayos pag uwi ko ng bahay. I can‚Äôt even work properly kasi iniisip ko yung perang nacharge sa akin. Will file a complain also.,1667828404,-1
[deleted],1678273135,0
Thank you po sa info. Di po namin sila nahingian ng id pero yung names and position po.. na-take note po namin and nabanggit din po pati nung nagmediation kami sa DTI. Sa case ko kasi malaki yung amount ng refund kaya cguro nakikipag matigasan talaga sila,1678284394,-1
Pano po mag complaint sa store at head office? Need po ba magpunta don directly? Or pwedeng thru email po?,1675881378,-1
"Kinukulit ko po yung sa customer service at ang manager ng branch. At mabuti po naapprove for refund ako. 59k po big amount na po sakin yun. Kaya palagi kong tinatawagan at nagmemessage ako. Ohh, malaki pala talaga 300k. Ang galing kasi nilang magsalestalk madadala ka talaga tapos paglabas mo marerealize mo na ang laking pera para nawala sayo.",1673438968,-1
"Hi. Kumusta po? Any update? Did you get a refund? I'm planning din kasi to get a refund, 300k din po yung sakin. I felt scammed, grabeee yung strategy nila. Nakakaiyak that I spent something big sa bagay na di ko naman talaga need.",1674848021,-1
Tama po.. yun nga yung ginagawa nila.. tapos nung nagfile ako sa bank ko ng dispute.biglang ayaw na makipgtransact sakin dahil one-way transaction lang daw sila.. si bank nlng daw kakausapin nila..,1678284030,0
Thanks po sa info. Opo sobrang galing nila mag salestalk talaga.. hopefully makapag full refund din po ko.. sobrang nakakastress na din po kasi.. late ko din po nakita na may ganitong reviews na din po..,1673465309,-1
[deleted],1678286902,0
Mapa bilis case din kapag mag file sa DTI. Always be firm you want full refund.,1673520935,0
Nagchat po ko sayo dito sa reddit.,1678344894,-1
"**[Recent News for BMRN-](https://www.reddit.com/r/MillennialBets/wiki/index/stocks/BMRN)**

Date |Title | Summary | Source
 :----:|:----:|:----:|:----: 
Sep-21-2021 |[SHAREHOLDER ALERT: Pomerantz Law Firm Investigates Claims On Behalf of Investors of BioMarin Pharmaceutical Inc. - BMRN](https://www.newsfilecorp.com/release/97218/SHAREHOLDER-ALERT-Pomerantz-Law-Firm-Investigates-Claims-On-Behalf-of-Investors-of-BioMarin-Pharmaceutical-Inc.-BMRN) |New York, New York--(Newsfile Corp. - September 21, 2021) - Pomerantz LLP is investigating claims on behalf of investors of BioMarin Pharmaceutical Inc. (""BioMarin"" or the ""Company"") (NASDAQ: BMRN). Such investors are advised to contact Robert S. Willoughby at newaction@pomlaw.com or 888-476-6529, ext. 7980.The investigation concerns whether BioMarin and certain of its officers and/or directors have engaged in securities fraud or other unlawful business practices. [Click here for information about... |Newsfile Corp
Sep-09-2021 |[Stifel Upgrades This Pharma Stock On Prospective FDA Approval For Dwarfism Drug](https://www.benzinga.com/analyst-ratings/analyst-color/21/09/22872723/stifel-upgrades-this-pharma-stock-on-prospective-fda-approval-for-dwarfism-drug) |Stifel¬†has upgraded¬†BioMarin Pharmaceutical Inc's¬†(NASDAQ:BMRN) to Buy from Hold with a price target of $96, up from $86.¬† After the stock's ""significant underperformance"" since August 2020, analyst¬†Paul Matteis¬†is expecting a turnaround with potential Vosoritide FDA approval and a ""strong launch after that. |Benzinga
Sep-07-2021 |[BioMarin (BMRN) Phenylketonuria Gene Therapy on Clinical Hold](https://www.zacks.com/stock/news/1792986/biomarin-bmrn-phenylketonuria-gene-therapy-on-clinical-hold) |BioMarin's (BMRN) phase I/II study on gene therapy candidate, BMN 307, has been placed under a clinical hold by the FDA possibly on malignancy concerns. |Zacks Investment Research
Sep-07-2021 |[FDA Slaps Clinical Hold on BioMarin's Gene Therapy For Genetic Metabolism Disorder](https://www.benzinga.com/general/biotech/21/09/22820610/fda-slaps-clinical-hold-on-biomarins-gene-therapy-for-genetic-metabolism-disorder) |‚Äã‚Äã‚Äã‚Äã‚Äã‚ÄãBioMarin Pharmaceutical Inc¬†(NASDAQ: BMRN) faces another setback in its gene therapy development program after the¬†FDA placed the phenylketonuria (PKU) gene therapy trial on hold. The Phase 1/2 Phearless study is evaluating BMN 307, an AAV5-phenylalanine hydroxylase (PAH) gene therapy for PKU. |Benzinga
Sep-06-2021 |[U.S. FDA Placed a Clinical Hold on BMN 307 Phearless Phase 1/2 Gene Therapy Study in Adults with PKU Based on Interim Pre-clinical Study Findings](https://www.prnewswire.com/news-releases/us-fda-placed-a-clinical-hold-on-bmn-307-phearless-phase-12-gene-therapy-study-in-adults-with-pku-based-on-interim-pre-clinical-study-findings-301369619.html) |SAN RAFAEL, Calif., Sept. 6, 2021 /PRNewswire/ --¬†BioMarin Pharmaceutical Inc. (NASDAQ: BMRN) announced today that the U.S Food and Drug Administration (FDA) placed a clinical hold on the BMN 307 Phearless Phase 1/2 study. |PRNewsWire
Aug-30-2021 |[BioMarin's (BMRN) Dwarfism Drug Gets Approval in Europe](https://www.zacks.com/stock/news/1788608/biomarin-s-bmrn-dwarfism-drug-gets-approval-in-europe) |Biomarin Pharmaceutical's (BMRN) Voxzogo is the first medicine in Europe to be approved to treat achondroplasia, the most common form of dwarfism. |Zacks Investment Research
Aug-27-2021 |[Why Is BioMarin (BMRN) Up 0.4% Since Last Earnings Report?](https://www.zacks.com/stock/news/1787929/why-is-biomarin-bmrn-up-0-4-since-last-earnings-report) |BioMarin (BMRN) reported earnings 30 days ago. What's next for the stock? |Zacks Investment Research",1633232565,1
Overrated as fuck.. its main powerhorse is a shit drug,1633677776,-1
I‚Äôm in,1635952430,0
"I'm in @85, target definitely above $110+",1637376027,1
"Other than the vosoritide, are there any other drugs to be approved within a 12-24 mo horizon?",1637381200,1
"i totally agree bmrn is undervalued. it will be bought by some big pharma. it has its successful r&d crew and manufacturing facilities and knowhow.

it might be bought before alny, which has similar market cap, but bmrn has 1B cash pile, enterprise/ebitda is way lower than alny.",1639444960,0
I‚Äôd be curious to know the content of this article. Any highlights worth sharing?,1599943770,1
"> In a Securities Exchange Commission filing yesterday, California-based biotech BioMarin Pharmaceutical (Nasdaq: BMRN) revealed it has received the European Medicines Agency‚Äôs Joint Assessment Report related to the EMA‚Äôs ongoing review of the company‚Äôs Marketing Authorization Application for ValRox (valoctocogene roxaparvovec) for severe hemophilia A.

> The Report requests that BioMarin submits to the EMA the full 52-week results from the 134 patients in the ongoing Phase III study of valoctocogene roxaparvovec with the 6e13 vg/kg dose.

> The company expects the last patient will reach 52 weeks of follow-up in November 2020, and BioMarin is working with the EMA to enable a potential submission of the requested data by the end of the first quarter of 2021.

> As a result of the EMA‚Äôs request, the review of the ValRox MAA has reverted from an accelerated assessment to a standard review. BioMarin plans to provide additional information about its expectations regarding the timing of the MAA review after the company has further interactions with the EMA.

> Approval also delayed in USA

> Last month, the US Food and Drug Administration issued a Complete Response Letter (CRL), recommending that BioMarin completes the Phase III study and submits two-year follow-up safety and efficacy data on all participants for ValRox. 

> If approved, ValRox would become the first gene therapy for any type of hemophilia, a market which industry analyst GlobalData expects to be worth over $9.3 billion by 2028.",1600002937,1
Lysophospholipid DHA/EPA will be a game changer for brain üß† and eye üëÅ health due to superior bioavailability over conventional fish üêü oils. I look forward to seeing this product released.,1678173305,1
"Sounds really cool, I've never heard of it. Thanks for sharing",1678203929,1
Following.,1678254402,0
Would love to get more info on the benefits,1678264003,1
">The sn-1 EPA-LPC was prepared by the treatment of di-EPA PC with *snake venom* PLA2

Serious question.  Did they really need to treat it with snake venom, or ... ?",1678281049,1
"
**User Report**| | | |
:--|:--|:--|:--
**Total Submissions**|78|**First Seen In WSB**|4 months ago
**Total Comments**|8|**Previous DD**|
**Account Age**|5 months|[^scan ^comment ](https://www.reddit.com/message/compose/?to=VisualMod&subject=scan_comment&message=Replace%20this%20text%20with%20a%20comment%20ID%20(which%20looks%20like%20*h26cq3k*)%20to%20have%20the%20bot%20scan%20your%20comment%20and%20correct%20your%20first%20seen%20date.)|[^scan ^submission ](https://www.reddit.com/message/compose/?to=VisualMod&subject=scan_submission&message=Replace%20this%20text%20with%20a%20submission%20ID%20(which%20looks%20like%20*h26cq3k*)%20to%20have%20the%20bot%20scan%20your%20submission%20and%20correct%20your%20first%20seen%20date.)",1625237292,0
"News posts **must be market moving** and contain **new** information. Please avoid editorializing the title. 

If your post doesn't meet the requirements above, please delete the thread before a mod sees it.

*I am a bot, and this action was performed automatically. Please [contact the moderators of this subreddit](/message/compose/?to=/r/wallstreetbets) if you have any questions or concerns.*",1625237269,1
"I‚Äôm all for them taking their time and getting it right. Something about gene therapy just makes me uneasy. Even If I have to go through a year of immune suppressants and side affects and it does work,  I‚Äôd still rather keep doing what I‚Äôm doing. There are too many unknowns for me to feel comfortable with it.",1597865861,1
"I don't know.  EVERY product for hemophilia is tested with ABR as part of the test data.  Be it the long acting products or Hemlibra or the new generation of TFPI blockers, this data point is in all of them.  It doesn't matter if your level goes up if you still bleed.  The problem this poses for gene therapy is that most of the patients will have been on prophy for while and their personal ABRs will be low due to that making statistical analysis of ABR reduction difficult if not impossible.  Hard to say that a 20 year old guy who has an ABR of 1-2 over the past 5 years while on prophy would have had some higher number without it as a significant number of patients have variable bleeding rates (some bleed frequently and have very high ABRs and others go months without one and can artificially lower their ABR.)",1597850931,-1
"Wow.

This seems kinda messed up:
> Having previously agreed with the Agency on the extent of data necessary to support the BLA, the FDA introduced a new recommendation for two years of data from the Company's ongoing 270-301 study (Phase 3) to provide substantial evidence of a durable effect using Annualized Bleeding Rate (ABR) as the primary endpoint.¬† The Agency first informed the Company of this recommendation in the CRL having not raised this at any time during development or review.",1597849689,1
They tried to get me to try a gene therapy ultimately I decided the clinic is to far to make it practical with all the visits. But man all the side effects and immunosuppressants and such. While we have covid 19 running around. I‚Äôm like I‚Äôm almost 32 dosing once every four days with Eloctate. Will gene therapy really make my life that much better at this stage? I‚Äôve already got the joint damage and I just had an ankle replacement. But otherwise the Eloctate is doing what it‚Äôs supposed to do an keeping me from bleeding. Gene therapy isn‚Äôt going to give me a significant boost to QOL IMO.,1597957189,1
"
Does this submission fit our subreddit? If it does please **upvote** this comment. If it does not fit the subreddit please **downvote** this comment.



---

^(*I am a bot, and this comment was made automatically.*) ^(Please) [^(contact)^( )^(us)^( )^(via)^( )^(modmail)](https://www.reddit.com/message/compose?to=/r/pennystocks&subject=Updoot%20bot%20questions!) 
^(if) ^(you) ^(have) ^(any) ^(questions) ^(or) ^(concerns.)",1615752277,1
If I was a penny stock I was going to make up something...,1615752882,0
"This post mentions: **$BMRN**

On /r/pennystocks, /u/Acceptable_Treacle25 has previously mentioned:

||||
|:-|:-|:-
**ticker**|OPTI|SOS
**mentions**|3|2

/u/Acceptable_Treacle25's account was created **1 month ago**. It has **125** comment karma and **11** link karma.

-----

^You ^may ^see ^tickers ^you ^didn't ^mention ^-- ^I'm ^casting ^a ^wide ^net ^because ^y'all ^don't ^always ^$TAG ^your ^ticker ^symbols.

^This ^was ^an ^automated ^response. ^If ^you ^have ^feedback, ^please ^reply ^to ^this ^comment ^or [^(send me a message)](https://www.reddit.com/message/compose?to=RichSteps&subject=bot%20feedback)^.",1615752262,1
That doesn‚Äôt seem to be a sentence but Ok maybe it‚Äôs not a penny stock yet - this post may be in unwanted anticipation as with my luck it will be soon down there,1615753121,1
"very deep, much appreciated",1615755451,1
Is this sub not supposed to be about penny stocks? Not $75 per share stocks.,1615755994,-1
"Interesting. The liposomal choline bound DHA and EPA will be very interesting as a supplement. 

Only wrinkle is how far away a supplement might be.

Expects approval by ""the end of 2022"", so products by late 2022 or more likely 2023.",1609053415,1
Neat,1609058569,1
"Scammers lie.

The fact the company is real does not mean you are talking to someone associated with them.

The fact the company employee is real does not mean you are talking to them.

And yes, no company will ask you to pay for anything to start working there.

This was a typical !job scam.",1676915785,-1
">If something sounds too good to be true, it is.

This is basically the red flag that is applicable on almost all scams nowadays so when something's too good to be true, it's because it is.",1676916138,1
"If it's a real job, they'll send you the gear. A real business isn't sending money to new employees to get their own god knows what.",1676918614,1
"""right before the interview, they changed it to a message interview""

That's so you can't see them, go online and match their photo on LinkedIn or Facebook with the person you ""interviewed"" with. Then you'd know right away something was suspicious.

No legitimate company is going to interview you by text, chat, whatsApp

Nor, as you said, will they send you a check to ""buy"" the laptop and printer you need.",1676937976,-1
"SCAM! Do NOT cash the check and do not believe anything this scammer is saying. 

RUN!!!",1676935194,-1
"AutoModerator has been summoned to explain fake job scams. Fake job scams come in many different varieties, though most share common characteristics that you can use to spot the scam before becoming a victim. The scammers will usually conduct interviews over Google Hangouts or a similar online service. Their English will be awkward, and they may be re-using a script, so Googling unique sounding parts of the email may yield useful results. They will offer high wages for the work being done, and they will ""hire"" you by telling you that you are hired, rather than going through the normal process that a company takes when hiring an employee in your country. If they mention anything about a check or about receiving and sending out transactions, it is a [fake check scam](https://www.consumer.ftc.gov/blog/2018/09/anatomy-fake-check-scam). If they mention anything about receiving, processing, or inspecting packages, it is a [parcel mule scam](https://en.wikipedia.org/wiki/Parcel_mule_scam). If they ask you to purchase items up-front, ask you to pay a fee in order to be hired, or ask you to purchase gift cards, it is an [advance-fee scam](https://en.wikipedia.org/wiki/Advance-fee_scam). If the job involves posting advertisements on Craigslist or eBay, they are using you and your account to scam people. If the job invovles Bitcoin ATMs, it's a [scam](https://coinatmradar.com/blog/avoid-scams-dont-use-bitcoin-atm-when-someone-asked-you/). Thanks to redditor AceyAceyAcey for this script.

*I am a bot, and this action was performed automatically. Please [contact the moderators of this subreddit](/message/compose/?to=/r/Scams) if you have any questions or concerns.*",1676915785,-1
"Bernie:

> Don't you feel grateful? The world‚Äôs most expensive drug is coming out‚Äî$2-3 million a pop.

> $69 billion in annual profits were just not enough for Big Pharma.

> BioMarin should lose its patent monopoly for this price-gouging. Under our legislation, it will.

https://twitter.com/sensanders/status/1218230595710607363?s=21

BioMarin argues back:

> The lifetime cost of treating hemophilia is $25 million, making the company's gene therapy a relative bargain.",1579563877,-1
"So even currently, all hemophilia patients die unless they are rich??",1579601051,0
How is arguing the price logical when anything that can save someone's life should be flat free for any human being?,1579631695,1
"Irrespective of the facts and figures and the social responsibility of making drugs, it is a company after all making something of value. We do not know the countless hours of research that has gone into it and for how long. We don‚Äôt know how many millions they have poured into research for this. Isn‚Äôt it fair, solely from a business perspective, to put a price on the products hey created which they deem fit?",1580106494,1
"If it it substantially cheaper than the constant transfusions people nowadays have to get for their whole life, I say it is justified.",1579597386,1
">The lifetime cost of treating hemophilia is $25 million, making the company's gene therapy a relative bargain.

Is this an accurate figure?

Did some searching and 4-10 million likely more accurate. Not sure though.",1579571601,0
The average person surely doesn't even make this much in a lifetime. Sounds like bullshit to me.,1579601628,0
">BioMarin argues back, ""fuck you, everything healthcare related in the US is convoluted and insane, we'll price it however we think we can get insurers to pay for someone""",1579598531,-1
... The taxpayers pay for it,1579856542,0
"It costs someone something, unless you're going to enslave doctors and scientists.",1579856571,-1
"What if, just humour me, what if the transfusion price is insane too?",1579598391,0
... The taxpayers pay for it bro,1579856529,0
Redundant comment is redundant.,1580833293,0
"Exactly.  Imo this is why we are paying our taxes, so when treatment comes we can support those who need it.  And allow them to get back on their feet and produce for society again",1649462242,1
"Since producing one requires a lot of manual labor, a donor and it is on old treatment without patents, I doubt it price is insane. Exception might be the fucked up US health system, but anywhere else the price is reasonable.",1579599594,-1
"Per the OP:

>BioMarin argues back:
>> The lifetime cost of treating hemophilia is $25 million, making the company's gene therapy a relative bargain.

Seem reasonable?",1579632639,-1
"**Here are the above calendar/table:**

* [PDUFA Calendar](https://app.bpiq.com/pdufa-calendar)
* [PDUFA Table](https://www.bpiq.com/post/biotech-pdufa-calendar-2023)",1677643059,0
Any ideas on option priced volatility for $bmrn,1677644887,0
Nice premarket spike for Reata up 50% on the news.,1677676776,1
Great news! I believe in BioMarin and hopefully in 2-3 years we will have the cure for Hemophilia A.,1610397128,1
"The current technology is very limited in gene therapy, 2-3 years is a stretch.  This is still the pioneer days of GT",1610584243,0
"They released 4 years of Phase 1/2 data over the summer, 86% of patients were bleed free after 4 years & all were still off prophy. Very small study, but I wouldn‚Äôt say 2-3 years is a stretch.",1610656693,1
"Their F8 levels also decreased year over year.  Prophy isn‚Äôt the issue, it‚Äôs durability, which is being questioned.  Their stock immediately went down after the last release, today went up a few cents.  

There‚Äôs about 20 companies right now researching for the next GT technology that isn‚Äôt AAV.  It‚Äôll come",1610660546,1
"One patient with Hemophilia in Iowa cost insurance companies $12 million  / year.

[https://www.businessinsider.com/hemophiliac-iowa-teenager-costs-12-million-a-year-insurance-obamacare-2017-6](https://www.businessinsider.com/hemophiliac-iowa-teenager-costs-12-million-a-year-insurance-obamacare-2017-6)",1579573799,0
"Keep in mind that this treatment is cutting edge, has a difficult and extremely manual manufacturing process, plus there are few potential patients.  This is why it‚Äôs expensive.",1579573757,-1
"A one shot lifetime cure as opposed to a lifetime of drugs doctors appointments and hospital visits, is a lot cheaper for private insurance and public healthcare

It's worth it, and presumably will get cheaper as gene therapy equipment and techniques improve",1579592344,1
"Greed got them to this, at our expense they get richer and richer !",1579570769,1
"This is the core reason why I don't support private business dealing in healthcare, they are motivated by profit.

IMHO Healthcare, Education and Justice sectors should never be mentioned in the same sentence as profit and revenue, tax luxury sectors like entertainment and tourism enough to fund these completely, nobody needs a new Hollywood blockbuster or trip to Hawaii but everybody needs education, healthcare and justice.",1579573550,1
"We need to round up the executives at this Corporation, and brutally murder them and their families, then show the video tapes to all other Pharmaceutical companies to help them determine the prices of drugs, that we pay them to develop by the way.",1579565453,-1
"... wasn't hemophilia one of the results of noble families inbreeding?

is this the oligarchy admitting that it's trying to be the new nobility?",1579568831,1
"The problem with drug prices is that Americans aren‚Äôt that willing to die rather than pay. There‚Äôs no limit to demand and insurance would rather lose premiums than negotiate prices to be fair to their clients. 

Bernie.",1579571273,-1
And yet the insurance companies probably won't cover this drug...,1579579552,0
"True, but give it 10 years for them to refine the technology, mainstream the process, and make the whole procedure cost pennies to complete. Then they'll be charging $10 million for it.",1579584164,1
[deleted],1579567672,0
Well that‚Äôs a good way to send society back to the Stone Age.,1579568865,1
"lol wut

I can‚Äôt tell if this is a real comment or just bait",1579575640,1
Many cases are unrelated to inbreeding. Plus there‚Äôs multiple ways for clotting to fail. It‚Äôs not just one mutation.,1579573495,-1
[deleted],1579579161,0
"Uhhh, why would they be charging more in ten years?  There will be more competitors, they will need to cut the overall cost to keep market share.  

That‚Äôs like saying: now that they produce aspirin cheaply they‚Äôll charge $300 per pill! 

The $2mil price tag is an attempt to recoup RnD costs for a product that solves a (relatively) rare issue. If this solved a more frequent issue it would be waaaay cheaper, because they could spread the RnD costs over more patients. 

Most Pharma companies aren‚Äôt the devil, as boring as that is.",1579586231,-1
Hes not wrong. They're literal scum,1579568804,1
"I hope no one you love gets sick, and you watch as you go broke paying these pharmaceutical companies all your money, I pray that doesnt happen to you.",1579568951,1
"No. He won‚Äôt. But he and a progressive congress will overturn the laws that prevent negotiations and contracts, that serve only to benefit the pharm industry.",1579581244,1
"I pray that when that day happens, I‚Äôll be able to ground my entitlement mentality and be able to let my loved ones go. Taking only the good and saying goodbye to the bad. 

Life happens, even with price gorging, this is the best time in human history to live in.",1579569106,1
"So there is a medicine that could save your child's life, but you cant afford it, so you just take the good with the bad? You are a fucking clown. Entitlement equates to wanting to stay alive now? Clown.",1579569246,1
"One second you're threatening to murder the innocent families (which includes the children) of pharma execs, the next second you're justifying it using the argument of saving children's lives. I really hope you can see the irony there. Hope you get the help you clearly need.",1579569992,1
"No. It costs a fortune to even find these cures. If we force companies to sell them for little over cost, then we are losing out on all the other cures that are to come.

I‚Äôm sorry if something has happened to a loved one of yours recently. But maybe God is trying to teach you humility and gratitude.",1579569530,1
"> But maybe God is trying to teach you humility and gratitude.

ok buddy",1579570715,1
[removed],1579569803,0
I love that he edited that line out to make himself look better.,1579619949,1
"See what I mean? If you don‚Äôt humble and calm yourself your life will only get worse.

I know how corrupt the system is, but I can‚Äôt change it, so why would I let it ruin my life? It makes no sense.",1579570343,-1
it's still there on my end.,1579625147,0
[removed],1579570618,0
"Now it's back, maybe a glitch?",1579625194,0
You‚Äôre outraged by a stranger on the internet. You don‚Äôt know anything about me. I‚Äôd say that‚Äôs a sign of a horrible life/mindset.,1579570704,-1
[removed],1579570789,0
"You know what‚Äôs a moronic thing to think? That you get to decide who gets killed, who you get to black mail, who you get to deem unfit for parenthood.

You‚Äôre more corrupt then Big Pharma, at least they save lives with cures and prevent sicknesses with vaccines. 

What have you done to help this world?",1579571480,-1
What is your tax bracket Martamis? üòÇ gonna assume you were handed everything by your parents and you go around telling others they are entitled,1579573078,1
"This is obviously a class war. And I am gonna go ahead and assume that you‚Äôve never been raised in a harsh environment. We do live in some great times but only for those fortunate enough to experience the innovations, which I am assuming you are one of the lucky ones.",1579572880,1
Just finished college!! I‚Äôm a broke single father.,1579576675,-1
Actually I‚Äôve experienced both. Before my dads trucking business took off we lived in crappy trailers and ate only macaroni. Then things got okay when I was high school.,1579576791,-1
"  
Ok so looking at this most recent financial communication from BioMarin.  
  
https://finance.yahoo.com/news/biomarin-bmrn-q1-earnings-beat-135801067.html  
  
By what I read here is that sales for Q1 beat estimates, though they were down because of the pandemic similar to other companies, though down more than average. The company expects to be net positive in revenue this year.  
  
So what is the big deal?????? Well it looks like they will resubmit for approval in EU for gene therapy this year (JUNE), this would still make them the first gene therapy product potentially being approved world wide. That has implications for appearances and confidence which could drive up the stock price no matter how much they are able to charge per dose in Europe. ALSO they are expecting potential approval of another big drug, Vosoritide in Q3 in EU and now Q4 in US. This would be the first drug used for achondroplasia, which is basically BioMarin's bread and butter as authorities have pressure to accelerate approval of drugs that work for children with rare diseases.  
  
Next lets look at the stock price. Take a look at the average stock price over the last 5 years....it has basically been hovering around 75-85 dollars, that price could be expected as the baseline now without the approval of Gene therapy and achondroplasia drugs, so how much would the stock go up with those approved???? Well its max was 131 when they got news from the FDA they needed more data to approve the gene therapy drug so what else do you need to know how the stock will react.  
  
https://www.google.com/search?q=bmrn+stock&rlz=1C1GCEB\_enUS940US940&oq=bmrn+sto&aqs=chrome.0.69i59j69i57j0i433j0l4j0i20i263j0l2.3190j0j4&sourceid=chrome&ie=UTF-8  
  
Tell me what you think, it seems like its a company on the cusp of finally getting over the hump financially or at least worth taking a bet on as the stock is in a lull right now.",1621271173,1
MSD making simple difficult,1679170654,-1
"These all match up perfectly with everything I've heard.

Biomarin used to be called Shagbally because everyone was riding, but I'm not sure if that's the case now",1679179290,0
Agree with Regeneron - think I‚Äôve PTSD from working there. Site head has the worst reputation too. He‚Äôs a snobby prick. Treat contractors like shit no wonder they can‚Äôt hold onto them,1679176342,-1
My impression of Pfizer is that they are ruthless but efficient,1679301606,1
Still like that - but isn‚Äôt all pharma ü§£,1679248379,0
"Regeneron  I've never worked there, but I have heard enough to know I will never work there. 

Agree with J&J, pay contractors well below market rate. I interviewed for what sounded like a very interesting role that matched my skills and experience, told them my expected rate before the interview and after they offered me the role at something like 15 or 20 per hour less the rate they were given (my recruiter added a few euro onto the rate I told them). J&J wasted everyone's time there. 

On the other hand, I think MSD are one of the better payers at the moment. Although I heard about crazy high contracting rate for a project in Pfizer cork recently.",1679177787,1
"Oh I definitely do too. I had some contractors reporting into me and it was scary what management made me do. Like I had to fire one guy after 3 days and I wasn't told the reason. Also was verbally abused in and outside of work but someone who is now at AD level, of course because of his reputation in work as a brilliant manager HR and my department head did absolutely nothing. Shit company, shit pay. I hope eli lilly drain them of staff.",1679248180,1
Rates are crazy high at the moment because places just can‚Äôt get people. I know someone recently hired for a CSV role at 70 an hour - crazy amount but a pretty specialised area,1679180424,1
"Not a huge fan of Hemophilia News Today site, but I thought this was worth posting.",1589386806,0
Better start budgeting.,1579203575,1
This is obscene.,1579467460,-1
How do you budget $2-3m?,1579262400,0
"I think it depends on how long the treatment lasts (specifically, how many years of bleed-preventing FVIII expression) compared to how much a person's current therapy costs to the insurance company. If you currently use $500K worth of FVIII every year and you will get 6 years of bleed-free coverage, the math seems to work.",1579790756,1
25000 per month for that goal.  Easy.,1579276219,1
"It's wild that a Hem A gene therapy may be approved in a few short months in the US. What a long, strange trip GT in hemophilia has been.",1592624259,1
Lets hope for good earnings.,1677441841,1
This‚Äôll be an informative week for consumer staples. I‚Äôm really interested in seeing Target‚Äôs‚Ä¶.they got hammered last May and have been in this sideways channel ever since.,1677461945,1
So much free info and I still can‚Äôt work it in my favor üòÜ,1677486494,1